{"stat.craftItem.exnihilocreatio.crook_stone":1,"stat.leaveGame":12,"stat.pickup.minecraft.gravel":10,"stat.drop.exnihilocreatio.crook_stone":1,"stat.mineBlock.minecraft.cobblestone":10,"stat.craftItem.extrautils2.compressedcobblestone":4,"stat.useItem.exnihilocreatio.crook_stone":32,"stat.jump":384,"stat.useItem.minecraft.sand":8,"stat.useItem.minecraft.planks":1,"stat.drop.minecraft.dye":1,"stat.crouchOneCm":26557,"stat.useItem.minecraft.stone_slab2":39,"stat.useItem.minecraft.water_bucket":1,"stat.craftingTableInteraction":49,"stat.pickup.exnihilocreatio.block_dust":12,"stat.pickup.minecraft.sand":10,"stat.pickup.excompressum.compressed_block":2,"stat.useItem.minecraft.sapling":4,"stat.pickup.riteclicker.pebs":295,"stat.pickup.minecraft.reeds":1,"stat.mineBlock.exnihilocreatio.block_infested_leaves":34,"stat.useItem.exnihilocreatio.hammer_stone":35,"stat.flyOneCm":29248,"stat.mineBlock.excompressum.compressed_block":3,"stat.mineBlock.minecraft.sand":9,"stat.mineBlock.minecraft.gravel":10,"stat.craftItem.extrautils2.compressedsand":1,"stat.craftItem.minecraft.wooden_slab":18,"stat.craftItem.exnihilocreatio.crook_wood":5,"stat.timeSinceDeath":791436,"stat.pickup.integrateddynamics.on_the_dynamics_of_integration":1,"stat.drop.minecraft.reeds":2,"stat.useItem.minecraft.wooden_slab":17,"stat.walkOneCm":79724,"stat.craftItem.excompressum.compressed_block":1,"stat.mineBlock.exnihilocreatio.block_dust":3,"stat.pickup.minecraft.crafting_table":1,"stat.useItem.minecraft.cobblestone":9,"stat.craftItem.minecraft.crafting_table":1,"stat.useItem.minecraft.gravel":9,"stat.pickup.minecraft.log":23,"stat.pickup.minecraft.string":67,"stat.craftItem.exnihilocreatio.hammer_stone":1,"stat.drop.minecraft.sapling":1,"stat.craftItem.tconstruct.stone_stick":4,"stat.pickup.minecraft.sapling":16,"stat.sprintOneCm":33,"stat.pickup.minecraft.apple":1,"stat.craftItem.minecraft.stick":16,"stat.drop.exnihilocreatio.crook_wood":1,"stat.pickup.exnihilocreatio.item_material":1,"stat.craftItem.minecraft.planks":36,"stat.craftItem.minecraft.sand":9,"stat.mineBlock.minecraft.crafting_table":1,"stat.mineBlock.minecraft.log":22,"stat.drop":6,"stat.mineBlock.minecraft.leaves":123,"stat.playOneMinute":791436,"stat.sneakTime":11652,"stat.craftItem.minecraft.cobblestone":53,"stat.useItem.exnihilocreatio.crook_wood":42}